"Bin","BinRA","TopTaxonID","TopTaxonRAinBin","TopTaxon.Kingdom","TopTaxon.Phylum","TopTaxon.Class","TopTaxon.Order","TopTaxon.Family","TopTaxon.Genus","Kingdom.maxNamed","Kingdom.maxNamed.Percent","Phylum.maxNamed","Phylum.maxNamed.Percent","Class.maxNamed","Class.maxNamed.Percent","Order.maxNamed","Order.maxNamed.Percent","Family.maxNamed","Family.maxNamed.Percent","Genus.maxNamed","Genus.maxNamed.Percent"
"Bin1",0.000149318443001337,"OTU8377",0.162578843732137,"d_Bacteria","p_Myxococcota","c_Polyangia","o_UASB-TL25","f_norank_o_UASB-TL25","g_norank_f_norank_o_UASB-TL25","d_Bacteria",1,"p_Myxococcota",1,"c_Polyangia",1,"o_UASB-TL25",0.861905803696083,"f_norank_o_UASB-TL25",0.861905803696083,"g_norank_f_norank_o_UASB-TL25",0.861905803696083
"Bin2",0.000198936579844936,"OTU3808",0.253072367334554,"d_Bacteria","p_Myxococcota","c_Polyangia","o_Haliangiales","f_Haliangiaceae","g_Haliangium","d_Bacteria",1,"p_Myxococcota",1,"c_Polyangia",1,"o_Haliangiales",0.541177712146472,"f_Haliangiaceae",0.541177712146472,"g_Haliangium",0.541177712146472
"Bin3",0.0048337926585647,"OTU1605",0.887363350318724,"d_Bacteria","p_Myxococcota","c_Polyangia","o_Polyangiales","f_Sandaracinaceae","g_norank_f_Sandaracinaceae","d_Bacteria",1,"p_Myxococcota",1,"c_Polyangia",1,"o_Polyangiales",1,"f_Sandaracinaceae",0.972114018598074,"g_norank_f_Sandaracinaceae",0.971134730446541
"Bin4",0.000639922223037326,"OTU68",0.111191162951968,"d_Bacteria","p_NB1-j","c_norank_p_NB1-j","o_norank_c_norank_p_NB1-j","f_norank_o_norank_c_norank_p_NB1-j","g_norank_f_norank_o_norank_c_norank_p_NB1-j","d_Bacteria",1,"p_NB1-j",1,"c_norank_p_NB1-j",1,"o_norank_c_norank_p_NB1-j",1,"f_norank_o_norank_c_norank_p_NB1-j",1,"g_norank_f_norank_o_norank_c_norank_p_NB1-j",1
"Bin5",0.000487500707450034,"OTU7087",0.485263698323619,"d_Bacteria","p_NB1-j","c_norank_p_NB1-j","o_norank_c_norank_p_NB1-j","f_norank_o_norank_c_norank_p_NB1-j","g_norank_f_norank_o_norank_c_norank_p_NB1-j","d_Bacteria",1,"p_NB1-j",1,"c_norank_p_NB1-j",1,"o_norank_c_norank_p_NB1-j",1,"f_norank_o_norank_c_norank_p_NB1-j",1,"g_norank_f_norank_o_norank_c_norank_p_NB1-j",1
"Bin6",0.000220182584518185,"OTU7544",0.529278460707866,"d_Bacteria","p_Myxococcota","c_Myxococcia","o_Myxococcales","f_Myxococcaceae","g_P3OB-42","d_Bacteria",1,"p_Myxococcota",0.887427066757131,"c_Myxococcia",0.7245123686009,"o_Myxococcales",0.7245123686009,"f_Myxococcaceae",0.7245123686009,"g_P3OB-42",0.7245123686009
"Bin7",0.000276539430634622,"OTU4605",0.151132067894599,"d_Bacteria","p_unclassified_k_norank_d_Bacteria","c_unclassified_k_norank_d_Bacteria","o_unclassified_k_norank_d_Bacteria","f_unclassified_k_norank_d_Bacteria","g_unclassified_k_norank_d_Bacteria","d_Bacteria",1,"p_Desulfobacterota",0.444277226334339,"c_Desulfuromonadia",0.424169567435514,"o_PB19",0.252435669107642,"f_norank_o_PB19",0.252435669107642,"g_norank_f_norank_o_PB19",0.252435669107642
"Bin8",0.0201148596170246,"OTU6846",0.530862846359778,"d_Bacteria","p_Desulfobacterota","c_Desulfovibrionia","o_Desulfovibrionales","f_Desulfovibrionaceae","g_Desulfovibrio","d_Bacteria",1,"p_Desulfobacterota",0.999211801391386,"c_Desulfovibrionia",0.992208376759649,"o_Desulfovibrionales",0.992208376759649,"f_Desulfovibrionaceae",0.969880439153322,"g_Desulfovibrio",0.756733587214618
"Bin9",0.000622138325808557,"OTU994",0.4768168787602,"d_Bacteria","p_Bdellovibrionota","c_Bdellovibrionia","o_Bdellovibrionales","f_Bdellovibrionaceae","g_OM27_clade","d_Bacteria",1,"p_Bdellovibrionota",0.941048747597786,"c_Bdellovibrionia",0.941048747597786,"o_Bdellovibrionales",0.941048747597786,"f_Bdellovibrionaceae",0.941048747597786,"g_OM27_clade",0.941048747597786
"Bin10",0.00400357710804514,"OTU1936",0.549235542626209,"d_Bacteria","p_Desulfobacterota","c_Desulfobacteria","o_Desulfobacterales","f_Desulfosarcinaceae","g_Sva0081_sediment_group","d_Bacteria",1,"p_Desulfobacterota",1,"c_Desulfobacteria",1,"o_Desulfobacterales",1,"f_Desulfosarcinaceae",0.99250692124361,"g_Sva0081_sediment_group",0.935934572857733
"Bin11",0.00181918936044349,"OTU8235",0.168573036676253,"d_Bacteria","p_Desulfobacterota","c_Desulfobacteria","o_Desulfobacterales","f_Desulfosarcinaceae","g_LCP-80","d_Bacteria",1,"p_Desulfobacterota",0.978546270472788,"c_Desulfobacteria",0.961426173020755,"o_Desulfobacterales",0.961426173020755,"f_Desulfosarcinaceae",0.825847748774527,"g_LCP-80",0.317122718834921
"Bin12",0.00014615566271956,"OTU6600",0.207569237588233,"d_Bacteria","p_Bdellovibrionota","c_Bdellovibrionia","o_Bdellovibrionales","f_Bdellovibrionaceae","g_Bdellovibrio","d_Bacteria",1,"p_Bdellovibrionota",0.428030801339592,"c_Bdellovibrionia",0.428030801339592,"o_Bdellovibrionales",0.428030801339592,"f_Bdellovibrionaceae",0.428030801339592,"g_Bdellovibrio",0.428030801339592
"Bin13",0.00106424859106009,"OTU5049",0.181018011770628,"d_Bacteria","p_Desulfobacterota","c_Desulfobacteria","o_Desulfobacterales","f_Desulfobacteraceae","g_unclassified_f_Desulfobacteraceae","d_Bacteria",1,"p_Desulfobacterota",0.970345238023354,"c_Desulfobacteria",0.929627586662137,"o_Desulfobacterales",0.929627586662137,"f_Desulfobacteraceae",0.929627586662137,"g_Desulfobacterium",0.456363371253385
"Bin14",0.0446082234871999,"OTU4865",0.500810600529759,"d_Bacteria","p_Desulfobacterota","c_Desulfobacteria","o_Desulfobacterales","f_Desulfobacteraceae","g_Desulfobacter","d_Bacteria",1,"p_Desulfobacterota",1,"c_Desulfobacteria",1,"o_Desulfobacterales",1,"f_Desulfobacteraceae",1,"g_Desulfobacter",0.999623833890487
"Bin15",7.12070563959037e-05,"OTU8946",0.407379681067989,"d_Bacteria","p_SAR324_cladeMarine_group_B","c_norank_p_SAR324_cladeMarine_group_B","o_norank_c_norank_p_SAR324_cladeMarine_group_B","f_norank_o_norank_c_norank_p_SAR324_cladeMarine_group_B","g_norank_f_norank_o_norank_c_norank_p_SAR324_cladeMarine_group_B","d_Bacteria",1,"p_SAR324_cladeMarine_group_B",0.7705674491136,"c_norank_p_SAR324_cladeMarine_group_B",0.7705674491136,"o_norank_c_norank_p_SAR324_cladeMarine_group_B",0.7705674491136,"f_norank_o_norank_c_norank_p_SAR324_cladeMarine_group_B",0.7705674491136,"g_norank_f_norank_o_norank_c_norank_p_SAR324_cladeMarine_group_B",0.7705674491136
"Bin16",7.9135798111845e-05,"OTU6017",0.379087430760971,"d_Bacteria","p_Bdellovibrionota","c_Bdellovibrionia","o_Bacteriovoracales","f_Bacteriovoracaceae","g_Halobacteriovorax","d_Bacteria",1,"p_Bdellovibrionota",1,"c_Bdellovibrionia",0.883204855726453,"o_Bacteriovoracales",0.883204855726453,"f_Bacteriovoracaceae",0.883204855726453,"g_Halobacteriovorax",0.439293109927359
"Bin17",0.00897900146398608,"OTU4529",0.36737968298739,"d_Bacteria","p_Cloacimonadota","c_Cloacimonadia","o_Cloacimonadales","f_MSBL8","g_norank_f_MSBL8","d_Bacteria",1,"p_Cloacimonadota",0.764572013952187,"c_Cloacimonadia",0.764572013952187,"o_Cloacimonadales",0.764572013952187,"f_MSBL8",0.656688391270662,"g_norank_f_MSBL8",0.656688391270662
"Bin18",0.000764339387501412,"OTU1621",0.457710679057053,"d_Bacteria","p_Bacteroidota","c_Rhodothermia","o_Rhodothermales","f_Rhodothermaceae","g_norank_f_Rhodothermaceae","d_Bacteria",1,"p_Bacteroidota",1,"c_Rhodothermia",1,"o_Rhodothermales",1,"f_Rhodothermaceae",1,"g_norank_f_Rhodothermaceae",1
"Bin19",0.000219502760843869,"OTU524",0.367707255334117,"d_Bacteria","p_Bacteroidota","c_Bacteroidia","o_Chitinophagales","f_norank_o_Chitinophagales","g_norank_f_norank_o_Chitinophagales","d_Bacteria",1,"p_Bacteroidota",1,"c_Bacteroidia",1,"o_Chitinophagales",0.594708893961813,"f_norank_o_Chitinophagales",0.594708893961813,"g_norank_f_norank_o_Chitinophagales",0.594708893961813
"Bin20",0.0327757613230721,"OTU7911",0.557767002902835,"d_Bacteria","p_Bacteroidota","c_Bacteroidia","o_Bacteroidales","f_Marinifilaceae","g_Marinifilum","d_Bacteria",1,"p_Bacteroidota",1,"c_Bacteroidia",1,"o_Bacteroidales",0.975534360013742,"f_Marinifilaceae",0.971853225678123,"g_Marinifilum",0.971670132856317
"Bin21",0.0251311784487102,"OTU4293",0.44175750028579,"d_Bacteria","p_Bacteroidota","c_Bacteroidia","o_unclassified_c_Bacteroidia","f_unclassified_c_Bacteroidia","g_unclassified_c_Bacteroidia","d_Bacteria",1,"p_Bacteroidota",1,"c_Bacteroidia",1,"o_Sphingobacteriales",0.0447798190229061,"f_Lentimicrobiaceae",0.0318478635221766,"g_norank_f_Lentimicrobiaceae",0.0291152700259027
"Bin22",0.000983976947141202,"OTU4240",0.401909980603456,"d_Bacteria","p_Bacteroidota","c_Bacteroidia","o_Bacteroidetes_VC2.1_Bac22","f_norank_o_Bacteroidetes_VC2.1_Bac22","g_norank_f_norank_o_Bacteroidetes_VC2.1_Bac22","d_Bacteria",1,"p_Bacteroidota",1,"c_Bacteroidia",1,"o_Bacteroidetes_VC2.1_Bac22",0.862200088111701,"f_norank_o_Bacteroidetes_VC2.1_Bac22",0.862200088111701,"g_norank_f_norank_o_Bacteroidetes_VC2.1_Bac22",0.862200088111701
"Bin23",0.000956816694829923,"OTU5974",0.265843161747311,"d_Bacteria","p_Bacteroidota","c_Bacteroidia","o_Chitinophagales","f_Saprospiraceae","g_norank_f_Saprospiraceae","d_Bacteria",1,"p_Bacteroidota",1,"c_Bacteroidia",1,"o_Chitinophagales",1,"f_Saprospiraceae",1,"g_norank_f_Saprospiraceae",0.694052049518285
"Bin24",0.00058116193464252,"OTU8403",0.147983118246534,"d_Bacteria","p_Bacteroidota","c_Bacteroidia","o_Chitinophagales","f_Saprospiraceae","g_norank_f_Saprospiraceae","d_Bacteria",1,"p_Bacteroidota",1,"c_Bacteroidia",1,"o_Chitinophagales",1,"f_Saprospiraceae",0.911040724740775,"g_norank_f_Saprospiraceae",0.391798106178184
"Bin25",0.000551605559707387,"OTU3169",0.422345970454878,"d_Bacteria","p_Bacteroidota","c_Bacteroidia","o_Chitinophagales","f_Saprospiraceae","g_norank_f_Saprospiraceae","d_Bacteria",1,"p_Bacteroidota",1,"c_Bacteroidia",1,"o_Chitinophagales",1,"f_Saprospiraceae",1,"g_norank_f_Saprospiraceae",0.942613783641237
"Bin26",0.000702792824536254,"OTU2396",0.417458570081131,"d_Bacteria","p_Bacteroidota","c_Bacteroidia","o_Chitinophagales","f_Saprospiraceae","g_norank_f_Saprospiraceae","d_Bacteria",1,"p_Bacteroidota",1,"c_Bacteroidia",1,"o_Chitinophagales",1,"f_Saprospiraceae",1,"g_norank_f_Saprospiraceae",0.53854016144495
"Bin27",0.0702198488665153,"OTU2828",0.623511382057019,"d_Bacteria","p_Bacteroidota","c_Bacteroidia","o_Bacteroidales","f_Bacteroidaceae","g_Bacteroides","d_Bacteria",1,"p_Bacteroidota",1,"c_Bacteroidia",1,"o_Bacteroidales",1,"f_Bacteroidaceae",0.937020944120967,"g_Bacteroides",0.937020944120967
"Bin28",0.00178755804461648,"OTU7882",0.338447087119017,"d_Bacteria","p_Bacteroidota","c_Bacteroidia","o_Bacteroidales","f_Marinilabiliaceae","g_Carboxylicivirga","d_Bacteria",1,"p_Bacteroidota",1,"c_Bacteroidia",1,"o_Bacteroidales",0.98139735361734,"f_Marinilabiliaceae",0.98139735361734,"g_Carboxylicivirga",0.98139735361734
"Bin29",0.00670396017265645,"OTU3536",0.633188643821542,"d_Bacteria","p_Bacteroidota","c_Bacteroidia","o_Flavobacteriales","f_Flavobacteriaceae","g_Actibacter","d_Bacteria",1,"p_Bacteroidota",1,"c_Bacteroidia",1,"o_Flavobacteriales",1,"f_Flavobacteriaceae",1,"g_Actibacter",0.633188643821542
"Bin30",0.0210628910231513,"OTU3806",0.195868934800263,"d_Bacteria","p_Bacteroidota","c_Bacteroidia","o_Flavobacteriales","f_Flavobacteriaceae","g_Arcticiflavibacter","d_Bacteria",1,"p_Bacteroidota",1,"c_Bacteroidia",1,"o_Flavobacteriales",1,"f_Flavobacteriaceae",1,"g_Arcticiflavibacter",0.35860584059635
"Bin31",0.0205806091084294,"OTU4132",0.342751527337723,"d_Bacteria","p_Bacteroidota","c_Bacteroidia","o_Flavobacteriales","f_Flavobacteriaceae","g_Muriicola","d_Bacteria",1,"p_Bacteroidota",1,"c_Bacteroidia",1,"o_Flavobacteriales",0.992629870651669,"f_Flavobacteriaceae",0.992629870651669,"g_Muriicola",0.5140991018004
"Bin32",0.0120337691677286,"OTU3198",0.759708867680552,"d_Bacteria","p_Bacteroidota","c_Bacteroidia","o_Bacteroidales","f_Marinilabiliaceae","g_norank_f_Marinilabiliaceae","d_Bacteria",1,"p_Bacteroidota",1,"c_Bacteroidia",1,"o_Bacteroidales",1,"f_Marinilabiliaceae",0.97808246892913,"g_norank_f_Marinilabiliaceae",0.97808246892913
"Bin33",0.00491584754095849,"OTU8078",0.677453387143896,"d_Bacteria","p_Bacteroidota","c_Bacteroidia","o_Bacteroidales","f_Marinifilaceae","g_norank_f_Marinifilaceae","d_Bacteria",1,"p_Bacteroidota",1,"c_Bacteroidia",1,"o_Bacteroidales",1,"f_Marinifilaceae",0.997162924812848,"g_norank_f_Marinifilaceae",0.997162924812848
"Bin34",0.00404899142816332,"OTU3984",0.341620003257917,"d_Bacteria","p_Bacteroidota","c_Bacteroidia","o_Bacteroidales","f_Bacteroidetes_BD2-2","g_norank_f_Bacteroidetes_BD2-2","d_Bacteria",1,"p_Bacteroidota",1,"c_Bacteroidia",1,"o_Bacteroidales",0.99439414432948,"f_Bacteroidetes_BD2-2",0.719739613509851,"g_norank_f_Bacteroidetes_BD2-2",0.719739613509851
"Bin35",0.00377546531235612,"OTU5333",0.394457851279281,"d_Bacteria","p_Bacteroidota","c_Bacteroidia","o_Bacteroidales","f_Prolixibacteraceae","g_Draconibacterium","d_Bacteria",1,"p_Bacteroidota",1,"c_Bacteroidia",1,"o_Bacteroidales",1,"f_Prolixibacteraceae",1,"g_Draconibacterium",0.965374177458014
"Bin36",0.0141264981250007,"OTU8289",0.622679580069024,"d_Bacteria","p_Bacteroidota","c_Bacteroidia","o_Bacteroidales","f_Prolixibacteraceae","g_Roseimarinus","d_Bacteria",1,"p_Bacteroidota",1,"c_Bacteroidia",1,"o_Bacteroidales",1,"f_Prolixibacteraceae",0.998286640154018,"g_Roseimarinus",0.673366152892894
"Bin37",0.00296147541983046,"OTU7900",0.620321147533671,"d_Bacteria","p_Bacteroidota","c_Bacteroidia","o_Sphingobacteriales","f_unclassified_o_Sphingobacteriales","g_unclassified_o_Sphingobacteriales","d_Bacteria",1,"p_Bacteroidota",1,"c_Bacteroidia",1,"o_Sphingobacteriales",0.678380189481955,"f_Bacteroidetes_BD2-2",0.066964370966259,"g_norank_f_Bacteroidetes_BD2-2",0.066964370966259
"Bin38",0.00035079423995724,"OTU718",0.411777436939341,"d_Bacteria","p_Bacteroidota","c_Bacteroidia","o_Cytophagales","f_Cyclobacteriaceae","g_norank_f_Cyclobacteriaceae","d_Bacteria",1,"p_Bacteroidota",1,"c_Bacteroidia",1,"o_Cytophagales",1,"f_Cyclobacteriaceae",1,"g_norank_f_Cyclobacteriaceae",0.607416759059088
"Bin39",0.00125923738793408,"OTU6195",0.323313338624926,"d_Bacteria","p_Bacteroidota","c_Bacteroidia","o_Cytophagales","f_Cyclobacteriaceae","g_norank_f_Cyclobacteriaceae","d_Bacteria",1,"p_Bacteroidota",1,"c_Bacteroidia",0.940510601624993,"o_Cytophagales",0.940510601624993,"f_Cyclobacteriaceae",0.879011224803951,"g_norank_f_Cyclobacteriaceae",0.826717823338668
"Bin40",0.00185138490776426,"OTU1945",0.267379990217546,"d_Bacteria","p_Bacteroidota","c_Ignavibacteria","o_Ignavibacteriales","f_Melioribacteraceae","g_IheB3-7","d_Bacteria",1,"p_Bacteroidota",0.875504526345445,"c_Ignavibacteria",0.832510454450465,"o_Ignavibacteriales",0.832510454450465,"f_Melioribacteraceae",0.534239090807848,"g_IheB3-7",0.534239090807848
"Bin41",0.146672111628638,"OTU3593",0.887623469708215,"d_Bacteria","p_Fusobacteriota","c_Fusobacteriia","o_Fusobacteriales","f_Fusobacteriaceae","g_Fusobacterium","d_Bacteria",1,"p_Fusobacteriota",0.997746509010096,"c_Fusobacteriia",0.997746509010096,"o_Fusobacteriales",0.997746509010096,"f_Fusobacteriaceae",0.997125411441813,"g_Fusobacterium",0.887861581562365
"Bin42",0.000279252077739346,"OTU7919",0.280127136974437,"d_Bacteria","p_Proteobacteria","c_Alphaproteobacteria","o_Rhodospirillales","f_norank_o_Rhodospirillales","g_norank_f_norank_o_Rhodospirillales","d_Bacteria",1,"p_Proteobacteria",1,"c_Alphaproteobacteria",1,"o_Micavibrionales",0.529974179392816,"f_Micavibrionaceae",0.469711382883029,"g_norank_f_Micavibrionaceae",0.469711382883029
"Bin43",0.00173910512688331,"OTU6758",0.409031200829261,"d_Bacteria","p_Proteobacteria","c_Alphaproteobacteria","o_unclassified_c_Alphaproteobacteria","f_unclassified_c_Alphaproteobacteria","g_unclassified_c_Alphaproteobacteria","d_Bacteria",1,"p_Proteobacteria",1,"c_Alphaproteobacteria",1,"o_Sphingomonadales",0.332989701509769,"f_Sphingomonadaceae",0.332989701509769,"g_Erythrobacter",0.127845028451493
"Bin44",0.000521050052693755,"OTU7831",0.353597998355229,"d_Bacteria","p_Proteobacteria","c_Alphaproteobacteria","o_Rhizobiales","f_Rhizobiales_Incertae_Sedis","g_Anderseniella","d_Bacteria",1,"p_Proteobacteria",1,"c_Alphaproteobacteria",1,"o_Rhizobiales",0.980768485091234,"f_Hyphomicrobiaceae",0.505036335511294,"g_Filomicrobium",0.374044408756031
"Bin45",0.00953122247081711,"OTU5465",0.242415550101245,"d_Bacteria","p_Proteobacteria","c_Alphaproteobacteria","o_Rhodobacterales","f_Rhodobacteraceae","g_Boseongicola","d_Bacteria",1,"p_Proteobacteria",1,"c_Alphaproteobacteria",1,"o_Rhodobacterales",1,"f_Rhodobacteraceae",1,"g_Boseongicola",0.242415550101245
"Bin46",0.0013699762268575,"OTU4441",0.375140766545215,"d_Bacteria","p_Proteobacteria","c_Alphaproteobacteria","o_Rhizobiales","f_Rhizobiaceae","g_Cohaesibacter","d_Bacteria",1,"p_Proteobacteria",1,"c_Alphaproteobacteria",1,"o_Rhizobiales",0.837260829880647,"f_Rhizobiaceae",0.653680676917727,"g_Cohaesibacter",0.376487526429084
"Bin47",0.000769619980046402,"OTU5334",0.177412571460131,"d_Bacteria","p_Proteobacteria","c_Alphaproteobacteria","o_Kiloniellales","f_Kiloniellaceae","g_norank_f_Kiloniellaceae","d_Bacteria",1,"p_Proteobacteria",1,"c_Alphaproteobacteria",1,"o_Kiloniellales",0.604748436206799,"f_Kiloniellaceae",0.604748436206799,"g_norank_f_Kiloniellaceae",0.472624689187203
"Bin48",0.000931881338107712,"OTU7907",0.611512316387547,"d_Bacteria","p_Proteobacteria","c_Gammaproteobacteria","o_Cellvibrionales","f_Halieaceae","g_unclassified_f_Halieaceae","d_Bacteria",1,"p_Proteobacteria",1,"c_Gammaproteobacteria",1,"o_Cellvibrionales",1,"f_Halieaceae",1,"g_Halioglobus",0.269436806985514
"Bin49",0.00251595432282509,"OTU3245",0.211304839496618,"d_Bacteria","p_Proteobacteria","c_Gammaproteobacteria","o_Cellvibrionales","f_Halieaceae","g_Halioglobus","d_Bacteria",1,"p_Proteobacteria",1,"c_Gammaproteobacteria",1,"o_Cellvibrionales",0.934163695914057,"f_Halieaceae",0.915294041681595,"g_Halioglobus",0.737775787625612
"Bin50",0.0984295904676291,"OTU110",0.327910028646753,"d_Bacteria","p_Proteobacteria","c_Gammaproteobacteria","o_Vibrionales","f_Vibrionaceae","g_Vibrio","d_Bacteria",1,"p_Proteobacteria",1,"c_Gammaproteobacteria",1,"o_Vibrionales",0.998200146148537,"f_Vibrionaceae",0.998200146148537,"g_Vibrio",0.66576003234643
"Bin51",0.00683796046678352,"OTU5323",0.238570185096207,"d_Bacteria","p_Proteobacteria","c_Gammaproteobacteria","o_Alteromonadales","f_Shewanellaceae","g_Shewanella","d_Bacteria",1,"p_Proteobacteria",1,"c_Gammaproteobacteria",1,"o_Alteromonadales",0.967164030597844,"f_Shewanellaceae",0.733580664785086,"g_Shewanella",0.68682430630829
"Bin52",0.00994270659265108,"OTU6234",0.335471577849585,"d_Bacteria","p_Proteobacteria","c_Gammaproteobacteria","o_Oceanospirillales","f_Nitrincolaceae","g_Marinobacterium","d_Bacteria",1,"p_Proteobacteria",1,"c_Gammaproteobacteria",1,"o_Oceanospirillales",0.927393831081798,"f_Nitrincolaceae",0.881572271477211,"g_Marinobacterium",0.874236720798058
"Bin53",0.000184987081586691,"OTU1117",0.227925368129606,"d_Bacteria","p_Proteobacteria","c_Gammaproteobacteria","o_HOC36","f_norank_o_HOC36","g_norank_f_norank_o_HOC36","d_Bacteria",1,"p_Proteobacteria",1,"c_Gammaproteobacteria",1,"o_HOC36",0.683513318236641,"f_norank_o_HOC36",0.683513318236641,"g_norank_f_norank_o_HOC36",0.683513318236641
"Bin54",0.000559528095604027,"OTU4778",0.501895953570891,"d_Bacteria","p_Proteobacteria","c_Gammaproteobacteria","o_Gammaproteobacteria_Incertae_Sedis","f_unclassified_o_Gammaproteobacteria_Incertae_Sedis","g_Marinicella","d_Bacteria",1,"p_Proteobacteria",1,"c_Gammaproteobacteria",1,"o_Gammaproteobacteria_Incertae_Sedis",0.897375086824296,"f_unclassified_o_Gammaproteobacteria_Incertae_Sedis",0.897375086824296,"g_Marinicella",0.661039097933735
"Bin55",0.0027596089428194,"OTU1402",0.234626238340689,"d_Bacteria","p_Proteobacteria","c_Gammaproteobacteria","o_Gammaproteobacteria_Incertae_Sedis","f_unclassified_o_Gammaproteobacteria_Incertae_Sedis","g_norank_f_unclassified","d_Bacteria",1,"p_Proteobacteria",1,"c_Gammaproteobacteria",1,"o_Gammaproteobacteria_Incertae_Sedis",1,"f_unclassified_o_Gammaproteobacteria_Incertae_Sedis",1,"g_Wenzhouxiangella",0.021674937000817
"Bin56",0.000955145911253735,"OTU1999",0.709202146860969,"d_Bacteria","p_Proteobacteria","c_Gammaproteobacteria","o_Burkholderiales","f_Burkholderiaceae","g_Ralstonia","d_Bacteria",1,"p_Proteobacteria",1,"c_Gammaproteobacteria",1,"o_Burkholderiales",0.948203350221272,"f_Burkholderiaceae",0.73929544454411,"g_Ralstonia",0.722401046925787
"Bin57",0.0154739101197584,"OTU8876",0.298522955751457,"d_Bacteria","p_Proteobacteria","c_Gammaproteobacteria","o_Steroidobacterales","f_Woeseiaceae","g_Woeseia","d_Bacteria",1,"p_Proteobacteria",1,"c_Gammaproteobacteria",1,"o_Steroidobacterales",0.902722575609839,"f_Woeseiaceae",0.90251910715367,"g_Woeseia",0.902297398294127
"Bin58",0.00045322794929407,"OTU6594",0.26785930439746,"d_Bacteria","p_Proteobacteria","c_Gammaproteobacteria","o_unclassified_c_Gammaproteobacteria","f_unclassified_c_Gammaproteobacteria","g_unclassified_c_Gammaproteobacteria","d_Bacteria",1,"p_Proteobacteria",1,"c_Gammaproteobacteria",1,"o_norank_c_Gammaproteobacteria",0.28503335319712,"f_norank_o_norank_c_Gammaproteobacteria",0.28503335319712,"g_norank_f_norank_o_norank_c_Gammaproteobacteria",0.28503335319712
"Bin59",0.00139895298008283,"OTU6578",0.330788994267616,"d_Bacteria","p_Proteobacteria","c_Gammaproteobacteria","o_Chromatiales","f_Chromatiaceae","g_Candidatus_Thiobios","d_Bacteria",1,"p_Proteobacteria",1,"c_Gammaproteobacteria",1,"o_Chromatiales",0.486947176612638,"f_Chromatiaceae",0.399375720053788,"g_Candidatus_Thiobios",0.348314229824077
"Bin60",0.000240222746061226,"OTU3953",0.415642315039471,"d_Bacteria","p_Proteobacteria","c_Gammaproteobacteria","o_unclassified_c_Gammaproteobacteria","f_unclassified_c_Gammaproteobacteria","g_unclassified_c_Gammaproteobacteria","d_Bacteria",1,"p_Proteobacteria",1,"c_Gammaproteobacteria",1,"o_Nitrosococcales",0.422239973239901,"f_Nitrosococcaceae",0.422239973239901,"g_AqS1",0.179719997570757
"Bin61",0.00319774724103365,"OTU5151",0.208757864603931,"d_Bacteria","p_Proteobacteria","c_Gammaproteobacteria","o_BD7-8","f_norank_o_BD7-8","g_norank_f_norank_o_BD7-8","d_Bacteria",1,"p_Proteobacteria",1,"c_Gammaproteobacteria",1,"o_B2M28",0.476963328693665,"f_norank_o_B2M28",0.476963328693665,"g_norank_f_norank_o_B2M28",0.476963328693665
"Bin62",0.000713596692959082,"OTU5058",0.194868096822429,"d_Bacteria","p_Nitrospinota","c_P9X2b3D02","o_norank_c_P9X2b3D02","f_norank_o_norank_c_P9X2b3D02","g_norank_f_norank_o_norank_c_P9X2b3D02","d_Bacteria",1,"p_Nitrospinota",0.606067667679376,"c_P9X2b3D02",0.606067667679376,"o_norank_c_P9X2b3D02",0.606067667679376,"f_norank_o_norank_c_P9X2b3D02",0.606067667679376,"g_norank_f_norank_o_norank_c_P9X2b3D02",0.606067667679376
"Bin63",0.0117910884168842,"OTU2340",0.304199628340363,"d_Bacteria","p_Desulfobacterota","c_Desulfobulbia","o_Desulfobulbales","f_Desulfocapsaceae","g_norank_f_Desulfocapsaceae","d_Bacteria",1,"p_Desulfobacterota",1,"c_Desulfobulbia",1,"o_Desulfobulbales",1,"f_Desulfocapsaceae",1,"g_norank_f_Desulfocapsaceae",0.751997499182879
"Bin64",0.00432036865838645,"OTU4187",0.420009995525603,"d_Bacteria","p_Desulfobacterota","c_Desulfobulbia","o_Desulfobulbales","f_Desulfobulbaceae","g_Desulfobulbus","d_Bacteria",1,"p_Desulfobacterota",1,"c_Desulfobulbia",1,"o_Desulfobulbales",1,"f_Desulfobulbaceae",0.990378774921928,"g_Desulfobulbus",0.919322188593176
"Bin65",0.000267126200755949,"OTU1707",0.379268378929805,"d_Bacteria","p_Sva0485","c_norank_p_Sva0485","o_norank_c_norank_p_Sva0485","f_norank_o_norank_c_norank_p_Sva0485","g_norank_f_norank_o_norank_c_norank_p_Sva0485","d_Bacteria",1,"p_Sva0485",0.714836084965899,"c_norank_p_Sva0485",0.714836084965899,"o_norank_c_norank_p_Sva0485",0.714836084965899,"f_norank_o_norank_c_norank_p_Sva0485",0.714836084965899,"g_norank_f_norank_o_norank_c_norank_p_Sva0485",0.714836084965899
"Bin66",0.00120733453237904,"OTU1557",0.210406397900114,"d_Bacteria","p_Desulfobacterota","c_Desulfuromonadia","o_norank_c_Desulfuromonadia","f_Geopsychrobacteraceae","g_Desulfuromusa","d_Bacteria",1,"p_Desulfobacterota",0.992353429314094,"c_Desulfuromonadia",0.992353429314094,"o_norank_c_Desulfuromonadia",0.622453382359738,"f_norank_o_Sva1033",0.366185391530687,"g_norank_f_norank_o_Sva1033",0.366185391530688
"Bin67",0.000783790339816572,"OTU530",0.612362482417771,"d_Bacteria","p_Desulfobacterota","c_Syntrophobacteria","o_Syntrophobacterales","f_norank_o_Syntrophobacterales","g_norank_f_norank_o_Syntrophobacterales","d_Bacteria",1,"p_Desulfobacterota",0.931357892560986,"c_Syntrophobacteria",0.844066963739201,"o_Syntrophobacterales",0.844066963739201,"f_norank_o_Syntrophobacterales",0.844066963739201,"g_norank_f_norank_o_Syntrophobacterales",0.844066963739201
"Bin68",0.000161402974107849,"OTU7767",0.357709915302005,"d_Bacteria","p_Modulibacteria","c_Moduliflexia","o_Moduliflexales","f_Moduliflexaceae","g_norank_f_Moduliflexaceae","d_Bacteria",1,"p_Modulibacteria",0.864479406308425,"c_Moduliflexia",0.864479406308425,"o_Moduliflexales",0.864479406308425,"f_Moduliflexaceae",0.864479406308425,"g_norank_f_Moduliflexaceae",0.864479406308425
"Bin69",0.000246782436857417,"OTU8447",0.285170968481391,"d_Bacteria","p_Zixibacteria","c_norank_p_Zixibacteria","o_norank_c_norank_p_Zixibacteria","f_norank_o_norank_c_norank_p_Zixibacteria","g_norank_f_norank_o_norank_c_norank_p_Zixibacteria","d_Bacteria",1,"p_Zixibacteria",0.951885486524488,"c_norank_p_Zixibacteria",0.951885486524488,"o_norank_c_norank_p_Zixibacteria",0.951885486524488,"f_norank_o_norank_c_norank_p_Zixibacteria",0.951885486524488,"g_norank_f_norank_o_norank_c_norank_p_Zixibacteria",0.951885486524488
"Bin70",0.000697317589235167,"OTU4782",0.154677883241626,"d_Bacteria","p_Calditrichota","c_Calditrichia","o_Calditrichales","f_Calditrichaceae","g_SM23-31","d_Bacteria",1,"p_Calditrichota",0.973937942915468,"c_Calditrichia",0.973937942915468,"o_Calditrichales",0.973937942915468,"f_Calditrichaceae",0.973937942915468,"g_norank_f_Calditrichaceae",0.510136510578049
"Bin71",0.000102683338735094,"OTU795",0.28060398127344,"d_Bacteria","p_Marinimicrobia_SAR406_clade","c_norank_p_Marinimicrobia_SAR406_clade","o_norank_c_norank_p_Marinimicrobia_SAR406_clade","f_norank_o_norank_c_norank_p_Marinimicrobia_SAR406_clade","g_norank_f_norank_o_norank_c_norank_p_Marinimicrobia_SAR406_clade","d_Bacteria",1,"p_Dependentiae",0.521268195805054,"c_Babeliae",0.521268195805054,"o_Babeliales",0.521268195805054,"f_norank_o_norank_c_norank_p_Marinimicrobia_SAR406_clade",0.463339596341523,"g_norank_f_norank_o_norank_c_norank_p_Marinimicrobia_SAR406_clade",0.463339596341523
"Bin72",0.000218596536138624,"OTU1686",0.276842041120231,"d_Bacteria","p_Nitrospirota","c_4-29-1","o_norank_c_4-29-1","f_norank_o_norank_c_4-29-1","g_norank_f_norank_o_norank_c_4-29-1","d_Bacteria",1,"p_Nitrospirota",0.905874650458357,"c_Thermodesulfovibrionia",0.488282681373498,"o_norank_c_Thermodesulfovibrionia",0.472697693426151,"f_norank_o_norank_c_Thermodesulfovibrionia",0.472697693426151,"g_norank_f_norank_o_norank_c_Thermodesulfovibrionia",0.472697693426151
"Bin73",0.000249459988171635,"OTU1388",0.153238255414809,"d_Bacteria","p_Acidobacteriota","c_Subgroup_22","o_norank_c_Subgroup_22","f_norank_o_norank_c_Subgroup_22","g_norank_f_norank_o_norank_c_Subgroup_22","d_Bacteria",1,"p_Acidobacteriota",0.969281663292427,"c_AT-s3-28",0.50545897421436,"o_norank_c_AT-s3-28",0.50545897421436,"f_norank_o_norank_c_AT-s3-28",0.50545897421436,"g_norank_f_norank_o_norank_c_AT-s3-28",0.50545897421436
"Bin74",0.00034793342465362,"OTU4080",0.399238643915561,"d_Bacteria","p_Acidobacteriota","c_Subgroup_21","o_norank_c_Subgroup_21","f_norank_o_norank_c_Subgroup_21","g_norank_f_norank_o_norank_c_Subgroup_21","d_Bacteria",1,"p_Acidobacteriota",1,"c_Subgroup_21",1,"o_norank_c_Subgroup_21",1,"f_norank_o_norank_c_Subgroup_21",1,"g_norank_f_norank_o_norank_c_Subgroup_21",1
"Bin75",0.000826992137189522,"OTU673",0.184828013206253,"d_Bacteria","p_Acidobacteriota","c_Thermoanaerobaculia","o_Thermoanaerobaculales","f_Thermoanaerobaculaceae","g_Subgroup_10","d_Bacteria",1,"p_Acidobacteriota",1,"c_Thermoanaerobaculia",0.875188025783171,"o_Thermoanaerobaculales",0.875188025783171,"f_Thermoanaerobaculaceae",0.875188025783171,"g_Subgroup_10",0.875188025783171
"Bin76",0.000882578345444263,"OTU373",0.311347164463009,"d_Bacteria","p_Acidobacteriota","c_Thermoanaerobaculia","o_Thermoanaerobaculales","f_Thermoanaerobaculaceae","g_Subgroup_10","d_Bacteria",1,"p_Acidobacteriota",1,"c_Thermoanaerobaculia",1,"o_Thermoanaerobaculales",1,"f_Thermoanaerobaculaceae",1,"g_Subgroup_10",1
"Bin77",0.00138090657848278,"OTU4848",0.355056526251787,"d_Bacteria","p_Acidobacteriota","c_Thermoanaerobaculia","o_Thermoanaerobaculales","f_Thermoanaerobaculaceae","g_Subgroup_23","d_Bacteria",1,"p_Acidobacteriota",1,"c_Thermoanaerobaculia",1,"o_Thermoanaerobaculales",1,"f_Thermoanaerobaculaceae",1,"g_Subgroup_23",1
"Bin78",0.000330310766861748,"OTU1645",0.137309831796012,"d_Bacteria","p_Acidobacteriota","c_d142","o_norank_c_d142","f_norank_o_norank_c_d142","g_norank_f_norank_o_norank_c_d142","d_Bacteria",1,"p_Acidobacteriota",0.992013884804879,"c_Subgroup_26",0.427531097245592,"o_norank_c_Subgroup_26",0.427531097245592,"f_norank_o_norank_c_Subgroup_26",0.427531097245591,"g_norank_f_norank_o_norank_c_Subgroup_26",0.427531097245591
"Bin79",0.000820686580754882,"OTU2770",0.333009229665548,"d_Bacteria","p_Acidobacteriota","c_Vicinamibacteria","o_Subgroup_17","f_norank_o_Subgroup_17","g_norank_f_norank_o_Subgroup_17","d_Bacteria",1,"p_Acidobacteriota",1,"c_Vicinamibacteria",1,"o_Subgroup_17",1,"f_norank_o_Subgroup_17",1,"g_norank_f_norank_o_Subgroup_17",1
"Bin80",0.00026534730905076,"OTU1687",0.227137914789118,"d_Bacteria","p_Acidobacteriota","c_Vicinamibacteria","o_Subgroup_9","f_norank_o_Subgroup_9","g_norank_f_norank_o_Subgroup_9","d_Bacteria",1,"p_Acidobacteriota",1,"c_Vicinamibacteria",1,"o_Subgroup_9",1,"f_norank_o_Subgroup_9",1,"g_norank_f_norank_o_Subgroup_9",1
"Bin81",0.000704401155642365,"OTU1464",0.244110891667615,"d_Bacteria","p_Acidobacteriota","c_Subgroup_22","o_norank_c_Subgroup_22","f_norank_o_norank_c_Subgroup_22","g_norank_f_norank_o_norank_c_Subgroup_22","d_Bacteria",1,"p_Acidobacteriota",1,"c_Subgroup_22",1,"o_norank_c_Subgroup_22",1,"f_norank_o_norank_c_Subgroup_22",1,"g_norank_f_norank_o_norank_c_Subgroup_22",1
"Bin82",0.000253960352267808,"OTU1525",0.33106138318418,"d_Bacteria","p_Acidobacteriota","c_Subgroup_22","o_norank_c_Subgroup_22","f_norank_o_norank_c_Subgroup_22","g_norank_f_norank_o_norank_c_Subgroup_22","d_Bacteria",1,"p_Acidobacteriota",1,"c_Subgroup_22",1,"o_norank_c_Subgroup_22",1,"f_norank_o_norank_c_Subgroup_22",1,"g_norank_f_norank_o_norank_c_Subgroup_22",1
"Bin83",0.000489195212231148,"OTU5054",0.288725233414815,"d_Bacteria","p_Gemmatimonadota","c_Gemmatimonadetes","o_Gemmatimonadales","f_Gemmatimonadaceae","g_norank_f_Gemmatimonadaceae","d_Bacteria",1,"p_Gemmatimonadota",0.738274995261072,"c_Gemmatimonadetes",0.724216773617948,"o_Gemmatimonadales",0.724216773617948,"f_Gemmatimonadaceae",0.724216773617948,"g_norank_f_Gemmatimonadaceae",0.724216773617948
"Bin84",0.00193113229910361,"OTU4665",0.280966973791129,"d_Bacteria","p_Gemmatimonadota","c_PAUC43f_marine_benthic_group","o_norank_c_PAUC43f_marine_benthic_group","f_norank_o_norank_c_PAUC43f_marine_benthic_group","g_norank_f_norank_o_norank_c_PAUC43f_marine_benthic_group","d_Bacteria",1,"p_Gemmatimonadota",1,"c_PAUC43f_marine_benthic_group",0.695825973325277,"o_norank_c_PAUC43f_marine_benthic_group",0.695825973325277,"f_norank_o_norank_c_PAUC43f_marine_benthic_group",0.695825973325277,"g_norank_f_norank_o_norank_c_PAUC43f_marine_benthic_group",0.695825973325277
"Bin85",0.0605942777412723,"OTU6254",0.95139842261021,"d_Bacteria","p_Firmicutes","c_Negativicutes","o_Acidaminococcales","f_Acidaminococcaceae","g_unclassified_f_Acidaminococcaceae","d_Bacteria",1,"p_Firmicutes",0.990671509176241,"c_Negativicutes",0.970172075363126,"o_Acidaminococcales",0.970172075363126,"f_Acidaminococcaceae",0.970172075363126,"g_norank_f_Acidaminococcaceae",0.0183527775201141
"Bin86",0.00580977689746166,"OTU6055",0.394932145984342,"d_Bacteria","p_Firmicutes","c_Bacilli","o_Izemoplasmatales","f_Izemoplasmataceae","g_Izimaplasma","d_Bacteria",1,"p_Firmicutes",1,"c_Bacilli",1,"o_Izemoplasmatales",0.825739693960998,"f_Izemoplasmataceae",0.818190843503567,"g_Izimaplasma",0.818190843503567
"Bin87",0.00931635951017818,"OTU5294",0.30149099094004,"d_Bacteria","p_Firmicutes","c_Bacilli","o_Izemoplasmatales","f_Izemoplasmataceae","g_norank_f_Izemoplasmataceae","d_Bacteria",1,"p_Firmicutes",1,"c_Bacilli",1,"o_Izemoplasmatales",0.977485265017594,"f_Izemoplasmataceae",0.977485265017594,"g_norank_f_Izemoplasmataceae",0.977485265017594
"Bin88",0.00121351063925086,"OTU8067",0.43422896208539,"d_Bacteria","p_Firmicutes","c_Clostridia","o_Peptococcales","f_Peptococcaceae","g_norank_f_Peptococcaceae","d_Bacteria",1,"p_Firmicutes",0.992436381060678,"c_Clostridia",0.989850079881095,"o_Peptococcales",0.969132086431212,"f_Peptococcaceae",0.969132086431212,"g_norank_f_Peptococcaceae",0.969132086431212
"Bin89",0.016368239127132,"OTU8569",0.36010338609516,"d_Bacteria","p_Firmicutes","c_Clostridia","o_Clostridiales","f_Clostridiaceae","g_unclassified_f_Clostridiaceae","d_Bacteria",1,"p_Firmicutes",1,"c_Clostridia",1,"o_Clostridiales",1,"f_Clostridiaceae",0.99619112290846,"g_Oceanirhabdus",0.287317883209486
"Bin90",0.00256172785409882,"OTU8118",0.294419042254029,"d_Bacteria","p_Firmicutes","c_Clostridia","o_Oscillospirales","f_Oscillospiraceae","g_Colidextribacter","d_Bacteria",1,"p_Firmicutes",1,"c_Clostridia",0.996710469883891,"o_norank_c_Clostridia",0.591044835249949,"f_Hungateiclostridiaceae",0.51559805300968,"g_norank_f_Hungateiclostridiaceae",0.336363866296
"Bin91",0.00182110066627062,"OTU7249",0.188340405529922,"d_Bacteria","p_Firmicutes","c_Clostridia","o_Christensenellales","f_Christensenellaceae","g_norank_f_Christensenellaceae","d_Bacteria",1,"p_Firmicutes",0.928872436512094,"c_Clostridia",0.928872436512094,"o_Christensenellales",0.467564594518249,"f_Christensenellaceae",0.467564594518249,"g_norank_f_Christensenellaceae",0.403410143659763
"Bin92",0.0292810037358155,"OTU6688",0.641746856714282,"d_Bacteria","p_Firmicutes","c_Clostridia","o_Peptostreptococcales-Tissierellales","f_norank_o_Peptostreptococcales-Tissierellales","g_JTB215","d_Bacteria",1,"p_Firmicutes",0.998292683143295,"c_Clostridia",0.998292683143295,"o_Peptostreptococcales-Tissierellales",0.998292683143295,"f_norank_o_Peptostreptococcales-Tissierellales",0.984748709737174,"g_JTB215",0.965444750336926
"Bin93",0.0260644011058138,"OTU6512",0.66302878060543,"d_Bacteria","p_Firmicutes","c_Clostridia","o_Peptostreptococcales-Tissierellales","f_Dethiosulfatibacteraceae","g_Dethiosulfatibacter","d_Bacteria",1,"p_Firmicutes",1,"c_Clostridia",1,"o_Peptostreptococcales-Tissierellales",0.942777888257284,"f_Dethiosulfatibacteraceae",0.894846253579783,"g_Dethiosulfatibacter",0.894846253579783
"Bin94",0.0206396424866824,"OTU4750",0.253112166047474,"d_Bacteria","p_Firmicutes","c_Clostridia","o_Peptostreptococcales-Tissierellales","f_norank_o_Peptostreptococcales-Tissierellales","g_livecontrolB21","d_Bacteria",1,"p_Firmicutes",0.999733712020995,"c_Clostridia",0.999733712020995,"o_Peptostreptococcales-Tissierellales",0.992327329483531,"f_norank_o_Peptostreptococcales-Tissierellales",0.347901017887507,"g_livecontrolB21",0.253112166047474
"Bin95",0.00690568622962517,"OTU7139",0.387586529995159,"d_Bacteria","p_Firmicutes","c_Clostridia","o_Peptostreptococcales-Tissierellales","f_Anaerovoracaceae","g_Amnipila","d_Bacteria",1,"p_Firmicutes",1,"c_Clostridia",1,"o_Peptostreptococcales-Tissierellales",1,"f_Anaerovoracaceae",0.986424691191324,"g_Amnipila",0.387586529995159
"Bin96",0.0504537191914847,"OTU3906",0.968847949803749,"d_Bacteria","p_Firmicutes","c_Clostridia","o_Lachnospirales","f_Lachnospiraceae","g_Anaerostignum","d_Bacteria",1,"p_Firmicutes",0.999167863917341,"c_Clostridia",0.999167863917341,"o_Lachnospirales",0.997826464341539,"f_Lachnospiraceae",0.995051445988592,"g_Anaerostignum",0.990588352209862
"Bin97",0.00485554329622637,"OTU2759",0.512292361679362,"d_Bacteria","p_Firmicutes","c_Desulfitobacteriia","o_Desulfitobacteriales","f_norank_o_Desulfitobacteriales","g_norank_f_norank_o_Desulfitobacteriales","d_Bacteria",1,"p_Firmicutes",0.658007398315688,"c_Desulfitobacteriia",0.620420397677128,"o_Desulfitobacteriales",0.620420397677128,"f_norank_o_Desulfitobacteriales",0.620420397677128,"g_norank_f_norank_o_Desulfitobacteriales",0.620420397677128
"Bin98",0.00276794350232572,"OTU7276",0.758534598868063,"d_Bacteria","p_Actinobacteriota","c_Coriobacteriia","o_Coriobacteriales","f_Coriobacteriales_Incertae_Sedis","g_norank_f_Coriobacteriales_Incertae_Sedis","d_Bacteria",1,"p_Actinobacteriota",0.995244867557162,"c_Coriobacteriia",0.986296030143709,"o_Coriobacteriales",0.766258897064711,"f_Coriobacteriales_Incertae_Sedis",0.758534598868063,"g_norank_f_Coriobacteriales_Incertae_Sedis",0.758534598868063
"Bin99",0.00200891430335857,"OTU244",0.727650944018214,"d_Bacteria","p_Actinobacteriota","c_Actinobacteria","o_Corynebacteriales","f_Nocardiaceae","g_Rhodococcus","d_Bacteria",1,"p_Actinobacteriota",1,"c_Actinobacteria",1,"o_Corynebacteriales",0.740274534938156,"f_Nocardiaceae",0.729085827610024,"g_Rhodococcus",0.727650944018214
"Bin100",0.000285834736579379,"OTU5593",0.320641452663598,"d_Bacteria","p_Actinobacteriota","c_Actinobacteria","o_Actinomycetales","f_Actinomycetaceae","g_Actinomyces","d_Bacteria",1,"p_Actinobacteriota",1,"c_Actinobacteria",1,"o_Actinomycetales",0.42708707863415,"f_Actinomycetaceae",0.42708707863415,"g_Actinomyces",0.325233591763358
"Bin101",0.0162422442314745,"OTU8657",0.154905793966037,"d_Bacteria","p_Actinobacteriota","c_Acidimicrobiia","o_Actinomarinales","f_norank_o_Actinomarinales","g_norank_f_norank_o_Actinomarinales","d_Bacteria",1,"p_Actinobacteriota",1,"c_Acidimicrobiia",1,"o_Actinomarinales",1,"f_norank_o_Actinomarinales",1,"g_norank_f_norank_o_Actinomarinales",1
"Bin102",0.0114054505668709,"OTU5128",0.142752359661304,"d_Bacteria","p_Actinobacteriota","c_Acidimicrobiia","o_Microtrichales","f_Ilumatobacteraceae","g_Ilumatobacter","d_Bacteria",1,"p_Actinobacteriota",1,"c_Acidimicrobiia",0.999583496864241,"o_Microtrichales",0.999283066317819,"f_Ilumatobacteraceae",0.499472556856211,"g_Ilumatobacter",0.499472556856211
"Bin103",0.000487919655942144,"OTU438",0.283107704557054,"d_Bacteria","p_Actinobacteriota","c_Thermoleophilia","o_Gaiellales","f_norank_o_Gaiellales","g_norank_f_norank_o_Gaiellales","d_Bacteria",1,"p_Actinobacteriota",1,"c_Thermoleophilia",1,"o_Gaiellales",0.740123337244998,"f_norank_o_Gaiellales",0.712013859048489,"g_norank_f_norank_o_Gaiellales",0.712013859048489
"Bin104",0.00172859254338548,"OTU4544",0.491563303150592,"d_Bacteria","p_Spirochaetota","c_Leptospirae","o_Leptospirales","f_Leptospiraceae","g_RBG-16-49-21","d_Bacteria",1,"p_Spirochaetota",0.613598891599676,"c_Leptospirae",0.610251485380838,"o_Leptospirales",0.610251485380838,"f_Leptospiraceae",0.610251485380838,"g_RBG-16-49-21",0.610251485380838
"Bin105",0.0381869044905874,"OTU7691",0.382353406159589,"d_Bacteria","p_Spirochaetota","c_Spirochaetia","o_Spirochaetales","f_Spirochaetaceae","g_Sphaerochaeta","d_Bacteria",1,"p_Spirochaetota",1,"c_Spirochaetia",1,"o_Spirochaetales",1,"f_Spirochaetaceae",1,"g_Sphaerochaeta",1
"Bin106",0.00324328984890851,"OTU6780",0.468339236560119,"d_Bacteria","p_Spirochaetota","c_Spirochaetia","o_Spirochaetales","f_Spirochaetaceae","g_Sediminispirochaeta","d_Bacteria",1,"p_Spirochaetota",0.995893233092193,"c_Spirochaetia",0.941686190896081,"o_Spirochaetales",0.941686190896081,"f_Spirochaetaceae",0.941686190896081,"g_Sediminispirochaeta",0.820801665886178
"Bin107",0.00103827607782864,"OTU8446",0.383350815430955,"d_Bacteria","p_Spirochaetota","c_Spirochaetia","o_Spirochaetales","f_Spirochaetaceae","g_Spirochaeta_2","d_Bacteria",1,"p_Spirochaetota",1,"c_Spirochaetia",1,"o_Spirochaetales",1,"f_Spirochaetaceae",1,"g_Spirochaeta_2",0.998224919129477
"Bin108",0.0045571494020333,"OTU7976",0.363313504531351,"d_Bacteria","p_Chloroflexi","c_KD4-96","o_norank_c_KD4-96","f_norank_o_norank_c_KD4-96","g_norank_f_norank_o_norank_c_KD4-96","d_Bacteria",1,"p_Chloroflexi",0.999712973049423,"c_KD4-96",0.714147348201377,"o_norank_c_KD4-96",0.714147348201377,"f_norank_o_norank_c_KD4-96",0.714147348201377,"g_norank_f_norank_o_norank_c_KD4-96",0.714147348201377
"Bin109",0.00202125421227303,"OTU2715",0.331416299885407,"d_Bacteria","p_Chloroflexi","c_Anaerolineae","o_Anaerolineales","f_Anaerolineaceae","g_norank_f_Anaerolineaceae","d_Bacteria",1,"p_Chloroflexi",1,"c_Anaerolineae",1,"o_Anaerolineales",0.715707715223162,"f_Anaerolineaceae",0.715707715223162,"g_norank_f_Anaerolineaceae",0.562099408473937
"Bin110",0.000321169129982279,"OTU2578",0.100165284202409,"d_Bacteria","p_Chloroflexi","c_Anaerolineae","o_SBR1031","f_norank_o_SBR1031","g_norank_f_norank_o_SBR1031","d_Bacteria",1,"p_Chloroflexi",1,"c_Anaerolineae",1,"o_SBR1031",1,"f_norank_o_SBR1031",0.910342583715828,"g_norank_f_norank_o_SBR1031",0.910342583715828
"Bin111",0.000170572976815336,"OTU1781",0.29495608746974,"d_Bacteria","p_Acidobacteriota","c_Aminicenantia","o_Aminicenantales","f_norank_o_Aminicenantales","g_norank_f_norank_o_Aminicenantales","d_Bacteria",1,"p_Acidobacteriota",0.806511275660118,"c_Aminicenantia",0.806511275660118,"o_Aminicenantales",0.806511275660118,"f_norank_o_Aminicenantales",0.806511275660118,"g_norank_f_norank_o_Aminicenantales",0.806511275660118
"Bin112",0.011986800130785,"OTU6459",0.629641250692213,"d_Bacteria","p_Synergistota","c_Synergistia","o_Synergistales","f_Synergistaceae","g_Dethiosulfovibrio","d_Bacteria",1,"p_Synergistota",0.931143437517233,"c_Synergistia",0.931143437517233,"o_Synergistales",0.931143437517233,"f_Synergistaceae",0.931143437517233,"g_Dethiosulfovibrio",0.632772152242242
"Bin113",0.00025828429663562,"OTU8536",0.293043759473043,"d_Bacteria","p_Latescibacterota","c_Latescibacteria","o_Latescibacterales","f_Latescibacteraceae","g_norank_f_Latescibacteraceae","d_Bacteria",1,"p_Latescibacterota",1,"c_Latescibacteria",0.947786645370265,"o_Latescibacterales",0.947786645370265,"f_Latescibacteraceae",0.947786645370265,"g_norank_f_Latescibacteraceae",0.842325609200639
"Bin114",0.000163975757689343,"OTU7290",0.237935934832024,"d_Bacteria","p_Latescibacterota","c_norank_p_Latescibacterota","o_norank_c_norank_p_Latescibacterota","f_norank_o_norank_c_norank_p_Latescibacterota","g_norank_f_norank_o_norank_c_norank_p_Latescibacterota","d_Bacteria",1,"p_Latescibacterota",1,"c_norank_p_Latescibacterota",1,"o_norank_c_norank_p_Latescibacterota",1,"f_norank_o_norank_c_norank_p_Latescibacterota",1,"g_norank_f_norank_o_norank_c_norank_p_Latescibacterota",1
"Bin115",0.000320163943570209,"OTU2315",0.223938660537171,"d_Bacteria","p_Latescibacterota","c_norank_p_Latescibacterota","o_norank_c_norank_p_Latescibacterota","f_norank_o_norank_c_norank_p_Latescibacterota","g_norank_f_norank_o_norank_c_norank_p_Latescibacterota","d_Bacteria",1,"p_Latescibacterota",0.890766105507068,"c_norank_p_Latescibacterota",0.890766105507068,"o_norank_c_norank_p_Latescibacterota",0.890766105507068,"f_norank_o_norank_c_norank_p_Latescibacterota",0.890766105507068,"g_norank_f_norank_o_norank_c_norank_p_Latescibacterota",0.890766105507068
"Bin116",0.00025366429996519,"OTU2036",0.324320420231392,"d_Bacteria","p_Latescibacterota","c_norank_p_Latescibacterota","o_norank_c_norank_p_Latescibacterota","f_norank_o_norank_c_norank_p_Latescibacterota","g_norank_f_norank_o_norank_c_norank_p_Latescibacterota","d_Bacteria",1,"p_Latescibacterota",1,"c_norank_p_Latescibacterota",1,"o_norank_c_norank_p_Latescibacterota",1,"f_norank_o_norank_c_norank_p_Latescibacterota",1,"g_norank_f_norank_o_norank_c_norank_p_Latescibacterota",1
"Bin117",0.000827782571385815,"OTU8643",0.246058517547308,"d_Bacteria","p_Latescibacterota","c_norank_p_Latescibacterota","o_norank_c_norank_p_Latescibacterota","f_norank_o_norank_c_norank_p_Latescibacterota","g_norank_f_norank_o_norank_c_norank_p_Latescibacterota","d_Bacteria",1,"p_Latescibacterota",1,"c_norank_p_Latescibacterota",1,"o_norank_c_norank_p_Latescibacterota",1,"f_norank_o_norank_c_norank_p_Latescibacterota",1,"g_norank_f_norank_o_norank_c_norank_p_Latescibacterota",1
"Bin118",0.000288682087988295,"OTU8453",0.270034243724563,"d_Bacteria","p_Latescibacterota","c_norank_p_Latescibacterota","o_norank_c_norank_p_Latescibacterota","f_norank_o_norank_c_norank_p_Latescibacterota","g_norank_f_norank_o_norank_c_norank_p_Latescibacterota","d_Bacteria",1,"p_Latescibacterota",1,"c_norank_p_Latescibacterota",0.93960333785923,"o_norank_c_norank_p_Latescibacterota",0.93960333785923,"f_norank_o_norank_c_norank_p_Latescibacterota",0.93960333785923,"g_norank_f_norank_o_norank_c_norank_p_Latescibacterota",0.93960333785923
"Bin119",0.000569820504084855,"OTU7560",0.156697563561084,"d_Bacteria","p_Planctomycetota","c_Phycisphaerae","o_Phycisphaerales","f_Phycisphaeraceae","g_Urania-1B-19_marine_sediment_group","d_Bacteria",1,"p_Planctomycetota",1,"c_Phycisphaerae",1,"o_Phycisphaerales",1,"f_Phycisphaeraceae",0.959874445062364,"g_Urania-1B-19_marine_sediment_group",0.758202856133819
"Bin120",0.000684497814703473,"OTU5042",0.14908951352954,"d_Bacteria","p_Planctomycetota","c_OM190","o_norank_c_OM190","f_norank_o_norank_c_OM190","g_norank_f_norank_o_norank_c_OM190","d_Bacteria",1,"p_Planctomycetota",1,"c_OM190",0.893649299993687,"o_norank_c_OM190",0.893649299993687,"f_norank_o_norank_c_OM190",0.893649299993687,"g_norank_f_norank_o_norank_c_OM190",0.893649299993687
"Bin121",0.000177913043508849,"OTU1385",0.21679126949036,"d_Bacteria","p_Planctomycetota","c_unclassified_p_Planctomycetota","o_unclassified_p_Planctomycetota","f_unclassified_p_Planctomycetota","g_unclassified_p_Planctomycetota","d_Bacteria",1,"p_Planctomycetota",1,"c_OM190",0.695559672500852,"o_norank_c_OM190",0.695559672500852,"f_norank_o_norank_c_OM190",0.695559672500852,"g_norank_f_norank_o_norank_c_OM190",0.695559672500852
"Bin122",0.000301669117913574,"OTU3249",0.235196915061577,"d_Bacteria","p_Verrucomicrobiota","c_Kiritimatiellae","o_WCHB1-41","f_norank_o_WCHB1-41","g_norank_f_norank_o_WCHB1-41","d_Bacteria",1,"p_Verrucomicrobiota",0.945740737043119,"c_Kiritimatiellae",0.899462460672884,"o_WCHB1-41",0.642927889949539,"f_norank_o_WCHB1-41",0.642927889949539,"g_norank_f_norank_o_WCHB1-41",0.642927889949539
"Bin123",0.000239352884726075,"OTU2033",0.138977565272872,"d_Bacteria","p_Verrucomicrobiota","c_Verrucomicrobiae","o_Pedosphaerales","f_Pedosphaeraceae","g_DEV008","d_Bacteria",1,"p_Verrucomicrobiota",1,"c_Verrucomicrobiae",1,"o_Verrucomicrobiales",0.458292197538109,"f_DEV007",0.427266612118249,"g_norank_f_DEV007",0.427266612118249
"Bin124",0.0001196040375407,"OTU8182",0.427866932416655,"d_Bacteria","p_Verrucomicrobiota","c_Verrucomicrobiae","o_Verrucomicrobiales","f_DEV007","g_norank_f_DEV007","d_Bacteria",1,"p_Verrucomicrobiota",1,"c_Verrucomicrobiae",1,"o_Verrucomicrobiales",1,"f_DEV007",0.931555850555371,"g_norank_f_DEV007",0.931555850555371
"Bin125",0.000492486824586839,"OTU3068",0.201310413649228,"d_Bacteria","p_Verrucomicrobiota","c_Verrucomicrobiae","o_Verrucomicrobiales","f_Rubritaleaceae","g_Roseibacillus","d_Bacteria",1,"p_Verrucomicrobiota",1,"c_Verrucomicrobiae",1,"o_Verrucomicrobiales",1,"f_Rubritaleaceae",1,"g_Roseibacillus",0.324847431703576
"Bin126",0.000595181239112398,"OTU6686",0.337710487451471,"d_Bacteria","p_Verrucomicrobiota","c_Lentisphaeria","o_P.palmC41","f_norank_o_P.palmC41","g_norank_f_norank_o_P.palmC41","d_Bacteria",1,"p_Verrucomicrobiota",0.76856338324954,"c_Lentisphaeria",0.76856338324954,"o_Oligosphaerales",0.360411384393105,"f_norank_o_P.palmC41",0.337710487451471,"g_norank_f_norank_o_P.palmC41",0.337710487451471
"Bin127",0.00158121540737032,"OTU8695",0.218139943735305,"d_Bacteria","p_Cyanobacteria","c_Cyanobacteriia","o_Chloroplast","f_norank_o_Chloroplast","g_norank_f_norank_o_Chloroplast","d_Bacteria",1,"p_Cyanobacteria",0.995639273385541,"c_Cyanobacteriia",0.980914444364878,"o_Chloroplast",0.898140106588657,"f_norank_o_Chloroplast",0.898140106588657,"g_norank_f_norank_o_Chloroplast",0.898140106588657
"Bin128",0.000278511564950001,"OTU3648",0.162958453152561,"d_Bacteria","p_Patescibacteria","c_Dojkabacteria","o_norank_c_Dojkabacteria","f_norank_o_norank_c_Dojkabacteria","g_norank_f_norank_o_norank_c_Dojkabacteria","d_Bacteria",1,"p_Patescibacteria",1,"c_Dojkabacteria",0.612478705294755,"o_norank_c_Dojkabacteria",0.612478705294755,"f_norank_o_norank_c_Dojkabacteria",0.612478705294755,"g_norank_f_norank_o_norank_c_Dojkabacteria",0.612478705294755
"Bin129",0.00560700923019048,"OTU4246",0.566934641189556,"d_Bacteria","p_Patescibacteria","c_Gracilibacteria","o_JGI_0000069-P22","f_norank_o_JGI_0000069-P22","g_norank_f_norank_o_JGI_0000069-P22","d_Bacteria",1,"p_Patescibacteria",0.99270893656343,"c_Gracilibacteria",0.989234343718857,"o_JGI_0000069-P22",0.98385487999985,"f_norank_o_JGI_0000069-P22",0.98385487999985,"g_norank_f_norank_o_JGI_0000069-P22",0.98385487999985
"Bin130",0.000555645550997979,"OTU8053",0.304328673994762,"d_Bacteria","p_Patescibacteria","c_Gracilibacteria","o_norank_c_Gracilibacteria","f_norank_o_norank_c_Gracilibacteria","g_norank_f_norank_o_norank_c_Gracilibacteria","d_Bacteria",1,"p_Patescibacteria",1,"c_Gracilibacteria",0.997142811884362,"o_norank_c_Gracilibacteria",0.568695240953225,"f_norank_o_norank_c_Gracilibacteria",0.568695240953225,"g_norank_f_norank_o_norank_c_Gracilibacteria",0.568695240953225
"Bin131",0.00159075739308722,"OTU1452",0.471586282192283,"d_Bacteria","p_Patescibacteria","c_Saccharimonadia","o_Saccharimonadales","f_norank_o_Saccharimonadales","g_norank_f_norank_o_Saccharimonadales","d_Bacteria",1,"p_Patescibacteria",1,"c_Saccharimonadia",1,"o_Saccharimonadales",1,"f_norank_o_Saccharimonadales",1,"g_norank_f_norank_o_Saccharimonadales",1
"Bin132",0.000779425964033037,"OTU5789",0.398682310306737,"d_Bacteria","p_Patescibacteria","c_Saccharimonadia","o_Saccharimonadales","f_norank_o_Saccharimonadales","g_norank_f_norank_o_Saccharimonadales","d_Bacteria",1,"p_Patescibacteria",1,"c_Saccharimonadia",1,"o_Saccharimonadales",1,"f_norank_o_Saccharimonadales",0.992564513880287,"g_norank_f_norank_o_Saccharimonadales",0.992564513880287
"Bin133",0.00061604706191284,"OTU7452",0.177534952892061,"d_Bacteria","p_Patescibacteria","c_Parcubacteria","o_Candidatus_Kaiserbacteria","f_norank_o_Candidatus_Kaiserbacteria","g_norank_f_norank_o_Candidatus_Kaiserbacteria","d_Bacteria",1,"p_Patescibacteria",1,"c_Parcubacteria",1,"o_Candidatus_Kaiserbacteria",0.987158248345431,"f_norank_o_Candidatus_Kaiserbacteria",0.987158248345431,"g_norank_f_norank_o_Candidatus_Kaiserbacteria",0.987158248345431
"Bin134",0.000944855704414932,"OTU4851",0.534689431664347,"d_Bacteria","p_Patescibacteria","c_ABY1","o_Candidatus_Falkowbacteria","f_norank_o_Candidatus_Falkowbacteria","g_norank_f_norank_o_Candidatus_Falkowbacteria","d_Bacteria",1,"p_Patescibacteria",0.980406310156599,"c_ABY1",0.968043970456189,"o_Candidatus_Falkowbacteria",0.949328974990964,"f_norank_o_Candidatus_Falkowbacteria",0.949328974990964,"g_norank_f_norank_o_Candidatus_Falkowbacteria",0.949328974990964
